<?xml version="1.0" encoding="UTF-8"?>
<beans xmlns="http://www.springframework.org/schema/beans"
       xmlns:xsi="http://www.w3.org/2001/XMLSchema-instance"
       xmlns:context="http://www.springframework.org/schema/context"
       xmlns:mvc="http://www.springframework.org/schema/mvc"
       xsi:schemaLocation="http://www.springframework.org/schema/beans
        http://www.springframework.org/schema/beans/spring-beans-3.0.xsd
        http://www.springframework.org/schema/context
        http://www.springframework.org/schema/context/spring-context-3.0.xsd
        http://www.springframework.org/schema/mvc
        http://www.springframework.org/schema/mvc/spring-mvc.xsd">

    <mvc:annotation-driven/>
    <bean class="org.springframework.web.servlet.mvc.SimpleControllerHandlerAdapter"/>
    <mvc:resources mapping="/static/**" location="..." cache-period="10000"/>
    <mvc:interceptors>
        <mvc:interceptor>
            <mvc:mapping path="/restapi/**"/>
            <bean class="twitter.config.RestAuthorizer"/>
        </mvc:interceptor>
        <mvc:interceptor>
            <mvc:mapping path="/**"/>
            <bean class="twitter.config.Authorizer"/>
        </mvc:interceptor>

        <!--<mvc:interceptor>-->
        <!--<mvc:mapping path="/static/*"/>-->
        <!--<bean id="webContentInterceptor" class="org.springframework.web.servlet.mvc.WebContentInterceptor">-->
        <!--<property name="cacheSeconds" value="31556926"/>-->
        <!--<property name="useExpiresHeader" value="true"/>-->
        <!--<property name="useCacheControlHeader" value="true"/>-->
        <!--<property name="useCacheControlNoStore" value="true"/>-->
        <!--</bean>-->
        <!--</mvc:interceptor>-->
        <!--<bean id="webContentInterceptor" class="org.springframework.web.servlet.mvc.WebContentInterceptor">-->
        <!--<property name="cacheSeconds" value="3000"/>-->
        <!--<property name="useExpiresHeader" value="true"/>-->
        <!--<property name="useCacheControlHeader" value="true"/>-->
        <!--<property name="useCacheControlNoStore" value="true"/>-->
        <!--</bean>-->
    </mvc:interceptors>

    <context:component-scan base-package="twitter"/>

    <bean class="org.springframework.web.servlet.view.InternalResourceViewResolver">
        <property name="viewClass" value="org.springframework.web.servlet.view.JstlView"/>
        <property name="prefix" value="/WEB-INF/jsp/"/>
        <property name="suffix" value=".jsp"/>
    </bean>
    <bean id="multipartResolver" class="org.springframework.web.multipart.commons.CommonsMultipartResolver">
        <!-- one of the properties available; the maximum file size in bytes -->
        <property name="maxUploadSize" value="1000000"/>
    </bean>
    <bean id="handlerExceptionResolver" class="twitter.config.CustomExceptionResolver">
    </bean>
</beans>