<beans xmlns="http://www.springframework.org/schema/beans"
        xmlns:xsi="http://www.w3.org/2001/XMLSchema-instance"
        xmlns:context="http://www.springframework.org/schema/context"
        xsi:schemaLocation="
        http://www.springframework.org/schema/beans http://www.springframework.org/schema/beans/spring-beans-3.0.xsd
        http://www.springframework.org/schema/context http://www.springframework.org/schema/context/spring-context-3.0.xsd">
<bean class="org.springframework.web.servlet.mvc.annotation
.AnnotationMethodHandlerAdapter">
    <property name="messageConverters">
        <list>
            <ref bean="jsonConverter" />
        </list>
    </property>
</bean>

<bean id="jsonConverter"
      class="org.springframework.http.converter.json
.MappingJacksonHttpMessageConverter">
<property name="supportedMediaTypes" value="application/json" />
</bean>



</beans>